size,insert_time,remove_time
16,0.022624,0.011756
64,0.057029,0.039039
256,0.063506,0.047669
1024,0.628021,0.638335
4096,2.43534,1.77075
16384,12.0187,44.3156
65536,13.6694,437.58